,Number Of Residents,Time Spend On YouTube,Occupation,Mobile Traffic
0,1,9.79950947992646,0.45922500770382035,9.840405714491773
1,6,41.64965420475852,0.4832321078341113,10.516603214085835
2,3,73.18936319220266,0.7525018478134551,14.627860902324041
3,2,15.09822411746875,0.30551858618184224,9.24481862939018
4,1,11.41880726989046,0.1902266169010025,12.012507218454598
5,2,11.931303542312914,0.5427115381891627,10.230964538069419
6,4,74.31658969291823,0.7204286441890522,13.608817701527208
7,3,4.591276406158059,0.5967737165912295,10.234218876109935
8,2,12.077056920141635,0.634808344161987,11.82785785277253
9,3,44.246438088866405,0.4035847622366001,10.51934378767176
10,1,8.083888009956066,0.5771677844973221,9.129372122590016
11,2,62.96533499647823,0.5522477559752731,9.095357982136266
12,3,165.6409083094368,0.6212314540085144,12.972163441676056
13,3,18.929863574860768,0.6792961408376608,12.611608576689095
14,3,12.073705368776862,0.5461309914080648,7.941549946183645
15,4,87.53006544021817,0.6648135265482845,8.505993143563323
16,1,10.446003143985154,0.15473594563220425,4.015383404801355
17,1,23.071322264353416,0.38235748371468625,8.12196647733209
18,2,27.091449845373237,0.5125124489623006,14.843856285191377
19,2,22.67839369853019,0.6514384740711601,4.517698340497849
20,2,5.695728753988258,0.4333780346577535,10.071254058095382
21,3,16.892720770992465,0.39495500896715846,3.8528248283183304
22,2,14.558795184316144,0.4339454321579551,7.486803982483182
23,3,10.958219945058637,0.5568106953125137,9.921681796540108
24,4,45.96743733606491,0.43309692348102535,13.420211927381951
25,3,16.14791292857478,0.885398382877485,11.055911526202822
26,1,38.10974231825093,0.6867899932583694,11.733494982520584
27,2,14.653241248439294,0.5242430477897804,12.50816573249983
28,1,13.230372492541695,0.5954830198797169,3.270606536792966
29,3,33.44352889690805,0.3521031211985736,7.2755114017118
30,1,18.966427337752364,0.5676510067892977,10.928667818042237
31,2,14.203805885914823,0.4188418257779402,8.240273973172645
32,1,33.38807022286184,0.42450881783050554,10.006652361864026
33,3,36.69390668438379,0.702152339734464,8.788780968092258
34,4,18.67910582256015,0.5096643051465363,11.259896176892132
35,2,18.14558517049742,0.5706918142750405,9.524106991804576
36,1,5.972455606461807,0.4120399485450959,11.304434068958349
37,3,24.29743970051109,0.6613852622963374,11.588241253944055
38,2,8.900378926579416,0.3122985610053696,10.373274172960256
39,2,31.180282698610394,0.6000272972196298,8.200617838899415
40,4,34.31553394942895,0.6981831035267576,9.417326098610385
41,2,51.16787790341537,0.6700835952128678,12.88332693794457
42,2,1.0,0.3597958596071637,7.997008266788452
43,1,19.16204534195763,0.4164505345657479,7.046012414749477
44,4,47.215746979914904,0.6317601834322509,9.5175257110992
45,4,37.405253704132875,0.5441265951045747,12.276114896257457
46,1,33.16440301873032,0.6901835859322175,9.024747102766435
47,1,50.460025865515505,0.4412654172895531,10.034150183887265
48,3,25.07668601892504,0.6858131924604549,11.349282986878027
49,3,23.989712280846206,0.7497837018420501,6.79031767568599
50,3,28.79007290498837,0.6059062788603068,11.086013723872018
51,2,18.208349960714557,0.5042440883479619,9.751997611180688
52,2,23.217043615499136,0.6163950458994586,9.846653637575608
53,2,56.26596423542878,0.27614582399477583,3.0101871006475713
54,1,21.975738162655045,0.5427413855602499,5.5319738404601715
55,2,22.230949660130566,0.4117506556129533,9.715857403133166
56,3,19.496710792287374,0.6537704441738168,8.997618258484334
57,2,72.15148157289696,0.4338650802105582,9.84302317418091
58,3,19.631275707937554,0.45828318072176594,12.88442973283683
59,2,5.590195408782862,0.36150875844882563,8.757570196077708
60,6,116.26780792900742,0.7136075138498371,9.608670690536712
61,2,45.76910852691134,0.6830342643651168,8.337249938001909
62,1,34.81887105866507,0.7117542981325027,6.23392328088261
63,1,27.254154774912582,0.49147831030418165,4.340789719282761
64,2,7.9689138302454126,0.4019901618944714,6.419154746065688
65,2,14.263294614171365,0.7001390770650735,9.4809167430509
66,1,5.147071242708378,0.3735764729439649,10.084463195545567
67,1,13.935099228927365,0.4840142307477729,9.143417312001715
68,2,23.89559063729741,0.3177267374084403,4.8020120666965855
69,3,29.29582557424345,0.78320113044711,8.24167775024277
70,4,7.225184887597937,0.6668492731084443,11.718390965365518
71,2,46.42858839960388,0.3462385150352122,13.030032437359647
72,2,21.63031835169993,0.6828321649556928,10.11908693661789
73,2,67.00642382288864,0.5558337609908404,8.638770660880624
74,1,26.372065458726233,0.6438970692093523,11.803329891947612
75,1,31.117674948869855,0.42537180746759495,7.709728827485871
76,1,6.0270021955320505,0.46800907256104746,5.202373312945616
77,1,20.443582835187538,0.599455619044283,9.133791413575448
78,3,58.651764293584755,0.5551988385295791,14.306868332597622
79,3,31.23549179340693,0.6016159263204081,7.596310829154428
80,1,10.158805213772517,0.7161796430853418,7.856782860097063
81,2,49.37870308181125,0.6144927383769654,3.821244227941693
82,3,21.943709960201765,0.7310564975069074,12.271803674243882
83,2,8.469956795318508,0.5238629039259854,6.110822868042601
84,3,49.16151953291493,0.6894929102569376,11.848791170999139
85,6,26.60871062855006,0.69899074519128,12.281253028069688
86,2,6.563311816183403,0.12459156266658344,12.739844521942516
87,3,14.680069385998321,0.6945894201780403,8.055640029365033
88,6,41.11860132489844,0.5430890212545209,14.634806934663494
89,1,17.875625969193123,0.5642443189339602,8.332513964840699
90,2,25.60944693264226,0.5229151483816159,14.709122257284486
91,2,129.49626250152528,0.6050744197709338,15.072845869439341
92,2,8.01023225645943,0.6289501639630102,11.793055709697363
93,2,22.775211542282154,0.5098787053312802,15.807648513394453
94,2,5.774188583574982,0.5125402012948012,5.477116589753994
95,3,28.70116774363276,0.5177607034222268,13.551992836417197
96,2,9.852016463683636,0.548501242100893,10.321479517757098
97,2,2.15994821405145,0.4269455423518133,12.123605013149362
98,3,16.688012034510045,0.5803783920870957,13.312071174229189
99,3,7.813900431893265,0.44043418226918557,11.907629680396148
100,2,7.183092292207399,0.3681537388584569,11.208834930436879
101,1,9.013435557893068,0.41397923513827534,3.486868797526885
102,3,12.364906700166006,0.5079848615154349,5.274254200277096
103,2,18.675392154592398,0.4181760475359833,10.013991375006215
104,2,89.23849772298087,0.3484394644982486,14.444999538899863
105,2,102.95675174740717,0.5823717065616394,9.696503221723292
106,2,6.491456704307985,0.2510358182327281,6.514849511588209
107,3,4.567472619326096,0.7185112787435298,8.98521813174607
108,3,32.401452755751635,0.3848533246674111,8.558674518692728
109,1,13.273409793213364,0.339480788146018,5.080461937990631
110,2,10.123304112254194,0.46052132105689025,10.107688050822583
111,2,19.47751650901748,0.23862054459047474,9.816755356175582
112,2,5.295325994269931,0.5923078036017908,4.135645255152897
113,3,35.508317391607946,0.4407784428289583,13.325869179865153
114,1,1.4738322028747106,0.5066761299694845,8.984234491452115
115,2,11.644800269098095,0.5222661133887675,15.037586061005825
116,1,17.695148220176524,0.4031053975295322,8.424127086885811
117,2,55.560669392036814,0.4948787802538167,12.599905484097548
118,2,20.851083371873514,0.45974581323612707,12.90680573357293
119,2,24.371150217879844,0.4001907180395819,7.571753392738099
120,2,8.684514256113292,0.6404321117947874,7.628131227266124
121,3,21.451050801373935,0.6692768031704046,11.739626965681268
122,1,32.25071540319836,0.457058723977719,10.56425812175339
123,3,31.00264155579348,0.5054633882700914,10.643954237253137
124,2,14.256798653290474,0.4076352183463935,7.553081322346619
125,1,8.750499828814883,0.5317107831756869,10.190636903165817
126,2,5.1166181306606395,0.7383517071976613,3.1831912870501156
127,2,22.968720464232124,0.4278476102759719,12.159685944348226
128,1,21.78508339997393,0.4729446368078792,7.309685052884097
129,2,15.599893356266328,0.6390060765017606,13.648370078526655
130,2,24.884907267813773,0.6129876987090507,9.429096863567835
131,2,82.2125780453046,0.4648041724785279,6.66577842013449
132,2,12.635354603048967,0.35757317743917777,7.1585551741117515
133,2,46.27939425180631,0.3127626509333339,8.125451611082013
134,3,29.46949028516758,0.4064100512165431,7.6931890265555065
135,1,20.75151593661878,0.3888930914202646,7.394059901270689
136,5,37.00375791670458,0.691961018156807,10.227457483880817
137,2,19.23193138706422,0.5756430619261496,12.10026159206854
138,2,8.152490048371194,0.4745814519917543,4.966119969092453
139,2,48.84260006888068,0.5948268709190803,10.38150477157062
140,1,13.151109608999468,0.4251930750758847,12.205787206445638
141,1,6.912524955745303,0.3253238570371933,8.876079011360915
142,2,13.68817709038886,0.48182886221383997,12.014860519537569
143,1,11.426113417977174,0.31902532330065175,2.785657782271311
144,1,8.869687195053528,0.5821757123564227,11.545387499737922
145,1,9.219089714341747,0.47617395968567744,6.8490232276315375
146,2,14.365648263652027,0.5766907091393643,9.862204458372666
147,3,11.340026461037437,0.723822248385409,9.98666577507111
148,2,29.042207004799188,0.550188685668069,9.75602788255895
149,2,73.30062821592632,0.0,12.96196615824945
150,4,11.140832671034065,1.0,15.265788001362775
151,2,76.48628220560181,0.5888901969242701,11.745819406610547
152,4,8.245377822992747,0.6717351345368634,13.183409346250592
153,2,70.44819816816393,0.5598594268621031,7.662493153363069
154,2,18.674220997857265,0.5125666840529726,8.366150255034047
155,1,56.18090869536337,0.33909054194628685,6.005953639433354
156,1,45.46552730560473,0.33996378677740163,13.089402894703806
157,3,38.67820100589648,0.5067389254708895,13.039825000534949
158,3,21.70100020664363,0.6349879199054355,5.389665989887186
159,3,204.01353647570104,0.516616173493599,13.293979832118561
160,1,4.389171208514048,0.4711124268325368,8.058113840155983
161,3,12.079944422071895,0.8717430331025544,8.469824319033195
162,2,20.161121462630405,0.6354115195890049,12.400005134510206
163,2,24.474157372661203,0.5357721400214798,5.116377568412559
164,3,16.330432303945518,0.4956408421244194,11.969053770675394
165,4,66.78345420461756,0.8685938158608726,13.009399320058337
166,3,33.42475981943621,0.6232981775868655,9.467044714077314
167,3,32.97712988871118,0.6477287945591732,13.519240577601582
168,1,4.566427518851018,0.32990798267184895,12.016124020307323
169,3,57.30349978287005,0.5649515724465215,8.30964670237082
170,5,9.993223557546584,0.5928626352987061,12.811136857381323
171,3,144.22808063083932,0.642525827319998,7.387836261920219
172,3,151.5982944226649,0.6911261961827045,14.712399948420503
173,2,3.780628050560186,0.2987511577125501,11.161943567491491
174,2,19.008633469600145,0.6397433088825892,10.258879850944773
175,2,33.982824211595585,0.43239644140395317,3.930970721494824
176,4,14.93129179164983,0.6381228505062185,11.12714647310322
177,2,11.565865575836046,0.5539075382806864,13.432901721011369
178,1,8.90858769300709,0.3708482614044539,7.95797266020157
179,3,7.29434823387049,0.4213152180199258,6.409589529815467
180,3,11.58587733180442,0.549986123251193,12.36613692246399
181,1,38.59884057006857,0.42122947902433383,8.47763630096357
182,1,10.462703974143333,0.36145525597347494,4.0786044742941225
183,1,5.570714599419582,0.38199742764075034,4.631391679011988
184,4,72.78444191119154,0.5337115998015473,7.619621408079677
185,3,78.35404462529142,0.513631582960048,6.923866162125293
186,3,48.29619162333975,0.6989284333809616,13.405442027783652
187,1,29.958188767738985,0.4439949371487042,10.678359329004476
188,3,9.848205882679403,0.6325655574956515,9.040947868592228
189,2,24.882416359188717,0.2793427198436429,7.735636259460086
190,4,9.057037782951424,0.6702478421013276,7.378278386367598
191,1,7.033572002191883,0.614771195371888,6.7447224701910455
192,1,2.3688489507308104,0.6269888242348709,8.562800139799286
193,2,59.48653553675964,0.36965607028499375,11.889143918774487
194,3,55.638426520803776,0.71053481665457,11.786710319881188
195,2,11.362892995797058,0.5829789298809955,9.1285419485294
196,2,7.40318183881658,0.6391754005994059,10.468854280159096
197,2,25.67309117555952,0.40022831879054876,12.71086128226666
198,2,24.580920327570965,0.6949318121921468,12.797403744645948
199,4,98.38955778099263,0.5299235366999177,14.505197833847973
200,1,4.7395255728579455,0.6128998632914029,9.499587396438358
201,4,23.671399203167976,0.7092791132933653,8.854033708723492
202,3,60.92111452556357,0.5454462962142457,8.747658780542235
203,2,25.75515367758189,0.6482390124023112,11.805427741702918
204,1,47.42920239374886,0.594375172125633,13.371045830525627
205,5,24.944496729685575,0.6402312351526245,14.05999205843285
206,4,36.708684210950366,0.6841126902295287,14.080376279091539
207,1,7.315061974947615,0.6835150670749545,12.451274186550588
208,3,17.56394918289963,0.3687277737015216,11.670044009826547
209,1,13.263307464403734,0.3610640703535873,11.18360987166098
210,3,177.91904422541842,0.840236988768265,10.518999604824335
211,2,18.182591968232845,0.5105624712376471,5.944202359172568
212,2,17.007814067767438,0.5143118324523679,7.847560296243339
213,2,67.55882127630404,0.617377110486846,8.43165462021306
214,1,8.707381674101772,0.477268751213834,8.602448054504803
215,2,38.03574788367303,0.46458630411025126,12.550051223572446
216,1,22.184241347854652,0.4599077677465717,12.08768860295104
217,5,51.09725300271978,0.3687678449271132,13.342043062700878
218,3,56.38040121133528,0.5939633260016111,11.94063680725543
219,3,114.39996872602923,0.4845999288401901,16.447767730923427
220,4,88.86312524951258,0.6940641731984678,13.458330933787842
221,2,10.149383199673101,0.11379504855586442,5.938128433393769
222,4,164.60438267584075,0.49804929575531365,13.438527719638715
223,2,21.524132817451424,0.5443720529018327,14.465297312747705
224,1,5.418062975461523,0.6624907887663956,8.438181475223654
225,4,43.00110301265585,0.6754473527949305,13.27636344948914
226,2,6.131852376150725,0.5615203694810768,8.483565662192154
227,3,10.276008313684635,0.3930012613468635,11.23022312769401
228,4,12.339127448609672,0.6229424820328723,11.006795095143309
229,2,22.360220340328784,0.3725546741359541,15.05373807156802
230,2,31.10116221993999,0.3403073504846025,10.569406426491486
231,3,29.21391741911657,0.551443755952063,10.284132982674645
232,2,4.865691534797604,0.4244876092517878,10.614534913742782
233,3,26.16032773143172,0.41143529806814283,2.9704589271894415
234,3,8.999655250162176,0.5181727193293717,14.017005212671672
235,4,2.3790523967724284,0.6553710229927294,9.803580077085423
236,5,164.211399193505,0.5793204748272878,7.462429296702068
237,3,9.941633784868651,0.5455042508889849,8.139786189496519
238,2,55.63105853914002,0.3981243022059782,16.220854452714438
239,4,20.78115389620704,0.6116099675302099,9.770055524718828
240,1,114.85587350482793,0.3496234605983781,9.662225675741675
241,3,31.629700093151026,0.5150222010514247,10.206546791909874
242,2,5.2476431300224675,0.474238460706247,9.453059353771021
243,2,41.587281388741594,0.6310030329688959,12.57473011912289
244,1,4.440639176796781,0.6549667989463555,12.40583894055256
245,2,39.06151341162827,0.4499088633568723,9.46560923261918
246,2,27.790120075763998,0.31418263894442244,6.871472447417214
247,2,12.452537312939791,0.5926731396580505,12.623045405029231
248,4,189.16458755911728,0.5439514150778371,13.472908645705752
249,2,17.108455668173836,0.45058453639131896,10.81197271820692
250,1,111.76781371160601,0.3390590175100434,8.37872146795989
251,1,18.662582830966524,0.7559305486617254,11.23261892059433
252,3,33.43703149926205,0.5939649428899582,10.884271012869677
253,2,17.7235739815005,0.48907246439652585,5.813282373573982
254,2,14.249000020722843,0.6565717698992375,8.020758370143465
255,2,90.14141328163419,0.5916493536368318,14.737026640542673
256,2,11.47192820265398,0.6448389185880281,7.869239705571646
257,2,33.20906089351917,0.5945624339711433,5.20176438310086
258,2,29.76115929467507,0.5516909827941212,10.497672010111206
259,3,13.53787750123562,0.7355652264983821,15.098799927765985
260,3,39.77234852240697,0.41452338262709604,9.881823899715773
261,5,77.16102924614724,0.6692923260747667,10.55889778372358
262,3,33.76130388287426,0.551277067475175,9.63540831883717
263,2,12.372019259787116,0.4625107795868996,7.088791190988459
264,2,13.939247699514661,0.6231938854168441,9.803287065792986
265,3,14.816996481314082,0.6616615219829641,18.12615529023128
266,6,37.41615996930946,0.4752611614535229,11.934679912226823
267,2,165.73596011289635,0.6054899674187826,10.470130605376582
268,2,56.44554074218311,0.42190836231030043,5.493611572139016
269,1,37.19007739815659,0.461394442392606,9.35737086331789
270,1,24.535601482656155,0.4973154025891953,14.602782890449575
271,1,9.551803340941031,0.5850318683955504,12.795757075500651
272,2,102.20432024502902,0.557678831725601,10.514786999303261
273,2,16.034301578788686,0.36765767032480123,10.546183335198041
274,2,32.26459889131581,0.6301486800083502,7.926721624008657
275,2,24.890846834886695,0.38807557488920863,9.046428241975219
276,3,33.32203300426583,0.4500977267157784,5.914524664344101
277,6,136.45619360514456,0.6996367206156164,13.867723825809373
278,4,107.12521396870709,0.6002878314880495,8.971177303582609
279,1,5.783294840507263,0.48515655303839855,3.9514446319728043
280,2,10.016677007642938,0.3186919094874111,6.468434511026641
281,1,32.733852485355925,0.4399078808556791,6.659875167399027
282,2,13.010543288965998,0.43330688857638316,9.824480170888235
283,3,14.568376687117762,0.6216243717809544,8.643136960942114
284,2,26.401706360440002,0.3540060807477073,6.453231857191927
285,5,55.036571411401226,0.7180578340885355,9.230712720739717
286,3,27.219536029603837,0.6492347309845781,12.351638451816102
287,2,99.59166053368223,0.38629013001642104,6.733938398712653
288,5,77.80000791303348,0.6291666115048469,11.589846079791979
289,2,20.643856908694712,0.5182456799894097,7.738163794633294
290,3,14.574212846685365,0.46486268637067873,10.966245143239966
291,3,12.802245511613481,0.40125066305402335,9.22059307573785
292,4,54.53469852152845,0.6189249419220811,10.23695287220766
293,4,32.39203945742133,0.4745815407942343,11.523241633051967
294,3,160.26242721685608,0.4650234581723388,15.72682421184961
295,2,14.74323702785974,0.5214863942787876,9.85643366244931
296,3,58.31228623909344,0.2724012894481762,8.816110611568156
297,2,9.928092458002585,0.6804879761849151,12.1380437835826
298,1,6.745944257397699,0.4737674171182222,11.836370032755624
299,2,18.37549637814177,0.5827530305840598,4.419043943501847
300,4,43.86528716817427,0.7766767965128225,11.182886150184776
301,1,19.421802551629437,0.4682973985722566,8.276546753117765
302,1,20.19200645110657,0.4324599264458254,9.661710064146284
303,2,14.990240904123091,0.4777462538060896,6.824858363246843
304,4,43.864129220667195,0.48745633966458723,12.036788078667765
305,1,16.818040176480675,0.17006480845054722,13.356488182565993
306,4,145.4164525014749,0.5016885607555884,12.085447808672829
307,1,22.04173386360869,0.7115683495652609,11.413748820299762
308,2,86.48689198440943,0.5738765876196438,6.737179713209789
309,3,35.92469096404281,0.33813321035667193,12.901591106281154
310,1,16.03830879745489,0.4249749047602545,5.97628266658395
311,2,32.2112668055567,0.5324179985735088,10.461313457330807
312,2,44.78739224892772,0.4326865301390643,14.674659216029738
313,2,68.3249516787955,0.4422964255740617,12.903251513341598
314,3,19.44684798571088,0.5445856405796865,9.416843459981077
315,4,43.859143323429905,0.697825321310803,11.547140102349731
316,3,18.277077505783858,0.34377303546729143,11.882208771162944
317,5,12.87194855180893,0.5597968856868347,16.63878370915199
318,2,47.48764533216408,0.6372287642454258,6.578053950197111
319,1,10.771534278291044,0.5292210448211414,11.929789586582974
320,2,6.537525011951892,0.5343454798163344,8.87905829573915
321,3,21.45913306252227,0.7590811905280388,15.558259834714132
322,3,9.172481820441952,0.6663392079963396,10.209134411109408
323,2,28.379295648891418,0.4859450858369774,10.789268410187985
324,5,38.36507617909153,0.5611668412940858,10.169113223305963
325,2,29.160559368330265,0.47593527638969085,6.446735234687532
326,1,177.70933122505883,0.2796124604493089,7.334770773338506
327,4,52.498293545697074,0.6441957319391358,12.228991374972605
328,2,4.695689063337327,0.4454739391543677,10.784346625479193
329,3,21.39829910860992,0.6710181503186379,5.635164597683956
330,1,9.283266984422866,0.41886505999821505,10.758927672584777
331,4,148.31393846694684,0.5327298141318565,9.922215538907054
332,2,28.414833389211758,0.4229071409847721,8.19294565079354
333,2,31.629097557883558,0.37299537747790423,10.996455722876979
334,2,26.444893901857046,0.5986126365109283,9.733592198624251
335,2,5.980778031494158,0.6033122247388506,15.795248892064837
336,2,82.444307179551,0.42236010268995394,7.527676647452375
337,1,6.512278647637004,0.4601332148797135,9.444146176898421
338,3,29.318577902462764,0.34878034146323195,5.941590682944171
339,2,12.458013351301137,0.5550160231894063,7.530673365657947
340,2,28.324978330466042,0.5784681128079964,7.913497717958618
341,1,6.832350491915361,0.6164147034718404,11.68908018933255
342,4,34.93845048859422,0.6991002543316226,17.029371572823408
343,1,23.99913302193316,0.5409782153811663,8.487815612883642
344,2,11.07747536607784,0.42663938523920963,9.941500506455078
345,2,5.056181251087884,0.8774411065231871,12.273830898208281
346,2,26.636891168009456,0.5122911794552998,11.64346854559824
347,4,35.568282487316736,0.6316028840147345,9.286060502236472
348,3,27.609443530374858,0.43977659650506784,8.916168863799076
349,2,34.57776284809377,0.5855255915845753,10.18648655486965
350,3,55.010058916286965,0.4615241428606157,8.464125175701714
351,2,8.48467241451616,0.5855641473580109,8.470052301171485
352,2,7.108839434639086,0.4727831010705494,8.045163752863465
353,3,127.02044988895133,0.7025985431984936,6.516245924923267
354,1,29.374474204125175,0.2814075093609208,9.67804320801239
355,2,35.876621142826835,0.6380811787401306,13.990672767497118
356,2,8.567898288160574,0.5259834328521977,4.738245103005992
357,3,18.75626577733691,0.678436834611764,11.545682691342886
358,4,20.641872608510607,0.594476042426969,10.820998535029052
359,3,14.898149765430546,0.5176033484379914,6.948266185542579
360,1,50.486930977496755,0.7251756877208209,1.1685720427225987
361,2,66.23974866793978,0.5568226369675022,8.640034387401677
362,2,55.14785746725705,0.3634360215985803,17.047481113864926
363,2,5.399063423657645,0.6313627523959278,8.152062599129984
364,2,7.636882529995045,0.5187102979110098,10.414248035428669
365,2,5.908579653475642,0.4642912888668252,9.189047883974732
366,3,3.047598360182138,0.5638322974296014,9.601497641254713
367,1,25.818112446478985,0.4928606717023768,9.26474342076704
368,2,71.64199840278023,0.538300147677895,7.599134269288391
369,2,20.57705134903686,0.3179937034572786,12.49128469116604
370,2,8.38783828579815,0.443201106903436,10.62217997349763
371,1,10.088997587062657,0.21507979305243533,8.412512524769014
372,3,14.000842354056957,0.6317150130390207,6.396991609017854
373,2,39.36909208361682,0.7980834251344096,8.480587826830046
374,1,2.233291633140085,0.6041288957926509,6.549706782782335
375,2,9.19442257896206,0.5111185496888073,8.018843139867283
376,3,54.423492627992,0.5503686469899136,12.066827937208588
377,2,10.991980536740366,0.4292230388066241,12.142566467649152
378,2,16.83867387895928,0.4806315456772947,9.221124993148612
379,2,21.52745005854011,0.7917933866640265,11.648893637309833
380,2,115.0461937827813,0.592431009758341,12.122545741313873
381,1,14.680950728725486,0.3878530443932152,7.818975635829314
382,3,41.3337294541363,0.6232981817730296,15.546129994459452
383,2,7.6274645736843025,0.5117031124158454,13.730798458251074
384,1,8.349529125201629,0.3621240231344033,8.356896555997212
385,2,131.34629218108162,0.4041419001501093,10.898232183063765
386,3,16.313793191992605,0.5672551243982159,12.355163132313663
387,2,20.567106804453246,0.53497096786916,8.4922187541825
388,3,30.952505945189124,0.8263332688374526,8.05738234282664
389,5,42.97612504692716,0.8028862742974221,9.839996997970903
390,3,5.74073060909372,0.7122334109222714,10.572400974917088
391,5,23.11993515420907,0.48861633705979474,13.099799601209089
392,3,114.62426949559122,0.6281485390098387,9.403378917342645
393,2,14.76085887586918,0.6397769738993228,7.026042993924766
394,3,60.69228755483843,0.46396627583078104,10.101322398135224
395,2,62.50564829343312,0.34193798573363515,8.419948952745717
396,1,3.7147201616244523,0.5317067873483572,7.469545944463927
397,2,190.54767782494633,0.7014243693633107,8.86529580835589
398,2,36.47736056634944,0.6080669090189873,12.357513668941246
399,2,30.539728274203142,0.5066619237358805,10.439261005990934
400,6,43.74268770956642,0.5901711047859666,17.160967378826534
401,3,16.699105007949154,0.5406723460154574,9.705328639095988
402,3,33.63115076548226,0.6310460564743596,10.129325231651825
403,3,37.129602220882504,0.3690863965897823,14.384149954716655
404,1,2.7596098069047055,0.5885215126292602,2.2824523755337434
405,4,38.585100615957835,0.6639307816385898,8.760516898008119
406,3,15.79423530540225,0.6488772742219753,10.57983330761157
407,2,7.3662558333806984,0.4685764695200174,9.28989726252961
408,2,50.765907406321,0.5056090980890281,12.793817798557217
409,1,7.688516797575195,0.5361154068713482,9.570059049215741
410,2,40.456853781030205,0.6235636351781462,14.657203538377876
411,1,11.759916548451125,0.28380955875309555,8.216557412338965
412,1,10.4042929629623,0.4538283405312293,7.930330296464833
413,2,25.531485449315085,0.6638074243883678,12.33069489404677
414,2,3.0423409597195024,0.35788878595756995,6.816670980197978
415,1,12.95004335802096,0.2134318358702261,3.4323155541721877
416,2,6.966587833590372,0.5354324983994252,9.01542953198412
417,1,5.679640186775952,0.6183016267320688,12.070859624759041
418,3,5.938634922974948,0.4826429384851991,14.035300178578458
419,2,220.04485860212122,0.6521965037458144,9.421456612323395
420,3,20.463469491985478,0.5785413013099858,10.233467410024799
421,2,25.549169491650236,0.48137390959680926,7.847429454777442
422,2,46.20333127950016,0.723326097449394,7.450669597059873
423,1,40.39347551822392,0.3063271411458956,2.8240843024824414
424,3,67.84670111291449,0.6350617574389184,11.12069179495821
425,2,10.939491352857283,0.34570613576048703,9.846735762594905
426,3,85.82819227376423,0.6089823338431051,9.360700403328204
427,2,29.442174002586064,0.3856800146481763,6.059795663424349
428,2,65.90520364987782,0.4144861348479003,10.262249556072993
429,2,26.235512007771167,0.7892635700289166,7.736122186991902
430,2,52.566229302231804,0.3050441460929299,8.010706583049721
431,3,20.41281382115299,0.2996708484481013,11.284916552801832
432,2,15.556438913077129,0.37679176428907096,7.768932328191019
433,3,58.48358177828646,0.5929164284950541,10.714761801221385
434,2,6.202581707422316,0.4482514925332503,12.76912421994881
435,4,112.09312437686086,0.4800523052108202,11.012301010232889
436,2,45.866683577347814,0.5367424194989809,9.416418554523357
437,2,43.33207545170029,0.4141553819174518,4.778957680579563
438,4,12.476531497938188,0.3923482735935902,9.42098788459506
439,2,50.21866387299233,0.7404925290664497,5.9754518177482785
440,1,24.79324587554637,0.4444580202885316,7.014001396773343
441,2,14.300581923610748,0.4370709305569017,11.29578261178561
442,2,5.596213706019531,0.5319172766466471,8.658928928172667
443,3,37.6377258935224,0.5355700776381487,9.87333871333422
444,7,105.01684763739499,0.8023791568466754,14.501545296684766
445,2,29.228824452821826,0.5752216265477916,10.26502307449546
446,1,86.82217968063314,0.2615527696099038,14.159986721447268
447,3,3.311377315241238,0.8449447646816601,15.234950240289491
448,3,21.432407321760557,0.4473592009630643,8.864475503347817
449,2,2.3621409733160763,0.5978431290363198,10.038155185468812
450,1,3.778507267612353,0.6423444628653368,11.118545127784422
451,4,25.52557891810453,0.641083199101748,12.282949804506544
452,3,5.279061089548746,0.44753616683018166,14.541738675556758
453,3,154.2792179391626,0.5348869028191825,16.433485576505053
454,3,13.502524277541724,0.8059696959551874,9.40325236727318
455,2,14.199148835862424,0.375858857191765,3.1140050099351364
456,2,32.84524593732366,0.36590147550163354,9.806866563745691
457,4,7.642398723311213,0.6938590074348218,10.792128601299993
458,2,5.720709892229554,0.5047508744056218,11.328420199934232
459,2,5.054310941819674,0.6523721700759971,8.243638804083078
460,4,39.938734308375544,0.7169475612169428,11.456316261428498
461,4,209.9946442903394,0.7904339249779226,10.041863528875298
462,4,84.97579266239157,0.7119001427448144,5.548091184959224
463,2,150.4088939437481,0.6956519843409101,11.144715862832493
464,1,61.698977155693015,0.569472560252211,11.182170871432618
465,2,18.460197766189555,0.5841097784499706,9.481106590361444
466,2,21.063414171856717,0.431196047686303,13.58203788758644
467,3,12.218507250499187,0.37598575580813065,9.19910433938021
468,1,10.46087259692515,0.39014076077858895,8.745216099107846
469,2,11.460506716526883,0.3761499593510722,7.778691847422255
470,2,13.767177308298178,0.4212300562811741,7.930503956974485
471,2,105.46263061309155,0.45167560725215933,9.284066225777266
472,1,10.932186806048275,0.5524913264191305,7.3968739060601685
473,2,12.351027914953919,0.31680240172095486,8.93983403228104
474,2,32.215302145922,0.6689005357316931,11.94067433660148
475,2,8.13001484821183,0.6608236678319308,8.940839244349139
476,3,21.351547379894246,0.47918472984894245,9.731753661896763
477,3,67.10404784861893,0.6116184602258572,9.501922194032847
478,2,14.91406359310293,0.34948457816697204,7.742689268205244
479,1,16.45350535916423,0.2739951752714237,6.75510609384569
480,1,142.90486687457155,0.6393080925298891,6.416268858069127
481,1,33.3984057616654,0.45644334794474944,7.01058082930394
482,4,22.904390051857504,0.6506604856221324,11.402769739515268
483,2,5.659399762005822,0.5016594575293543,9.385392699304063
484,2,12.477217369629546,0.5760911568237341,14.43974636723664
485,1,22.10627271286979,0.611080369502031,8.032895200892105
486,4,12.096631471061425,0.5261986085803871,11.07122394130184
487,2,17.737992087529197,0.3575213134029692,14.98448707625213
488,1,30.591009263779156,0.16797139703987668,12.238618123175932
489,2,33.7925674322974,0.5468751374634288,15.043890103090249
490,1,6.80363525068899,0.36866250899241876,4.428634393236518
491,3,9.346187299233511,0.6806041919674584,13.836361904044363
492,2,34.405317415566465,0.42659053566014593,12.466085458714563
493,4,7.657090689881059,0.6694336848607042,7.269566697287557
494,2,52.11315959086094,0.4924009551437431,8.150112908290309
495,3,31.263863106297173,0.7964645709519399,15.614929178702802
496,2,20.53808738576314,0.4270308303779666,7.238397588876822
497,4,8.250650865048158,0.6007728196886155,12.467295861541743
498,2,13.97702397350674,0.5252185152419214,11.204954447805882
499,3,25.605880147528843,0.5044322442675043,12.547693414823515
500,2,29.813418379743016,0.3863564048959264,8.448356005047351
501,2,10.701992600985173,0.4926291294930932,9.315630760541858
502,3,21.883743140790408,0.4905590775390356,13.299220469076632
503,2,34.726396894827445,0.2913658588789823,10.548907989862817
504,3,208.93659192184637,0.4872584143555693,6.954539594803446
505,1,97.37279528352255,0.5987203708452711,9.902119421260853
506,1,11.787955252192688,0.5316336701522728,7.644365146414945
507,1,11.559199172793122,0.7067903215224477,7.077426030389656
508,4,12.153962669433481,0.5993038322934656,13.1049592515651
509,2,14.394469276605633,0.5440517925559285,11.179854651940186
510,2,46.19273600013796,0.4655879663963077,7.469147668314483
511,2,18.013287616531066,0.7455410666928374,4.638285484791592
512,2,10.274225359297233,0.5419651189501488,3.1178355883872797
513,3,16.574834320206055,0.5479152190135319,14.912099495512066
514,2,53.70617688468367,0.7064928471309464,7.462660399582703
515,2,24.731629092741024,0.4564361698630235,8.946067407105776
516,2,15.706959566765583,0.6060830343645639,6.573900805102694
517,3,12.383658436079958,0.6334052433348996,5.565432886788154
518,2,20.982071735487565,0.47660504637274986,11.760568748986715
519,2,29.043591679071067,0.3126977428815275,8.64195591764737
520,1,12.508244114956575,0.1907366078598237,4.798548219184235
521,3,18.8261318264316,0.579067682681671,8.19854027470196
522,2,13.685266181340769,0.5804351894911606,12.007218240444335
523,2,3.0812156323458715,0.5428928737181838,9.668275954890452
524,1,68.89684283550714,0.5100313425037204,11.682925987656654
525,3,141.44666711541035,0.8518096910208004,15.8260149333641
526,3,76.23637469293735,0.580142441685897,7.369756105125502
527,1,13.971630296408003,0.5941794784739588,8.078783072164397
528,3,22.840728200869194,0.6465562179410238,3.5440991127764954
529,2,2.455810628582101,0.5138405664976043,8.96124316453037
530,2,33.607308733827495,0.40795844474855936,5.307814603558177
531,2,23.31979818408354,0.5187807627934782,8.804407024857142
532,2,3.889633089021798,0.4683583194864517,9.51598194243535
533,4,70.47346459308899,0.8095521379454746,9.787795265712173
534,1,4.830232371391815,0.48713418886302473,8.491269692678376
535,1,4.101679786211895,0.8629790423668169,7.238002351409277
536,3,58.624672581165605,0.6849036563988176,14.385553427999545
537,2,52.95327565712907,0.6445153631771914,8.830000185270723
538,3,14.953497743277874,0.5492395043898479,8.645108084747443
539,2,20.096173500211325,0.4178939063348878,11.774372138765447
540,2,1.8193437669456511,0.8091052193164051,7.966506713944942
541,2,37.357026013056526,0.635289120419226,8.879789811909415
542,2,31.342367556128913,0.7085797698565282,8.045901567218719
543,1,18.2938610781111,0.5204931076080346,4.94929824501788
544,2,7.951611759083606,0.7497003294548148,9.744027899912341
545,3,19.16289796928636,0.48540384700715217,10.784494623194853
546,3,8.84422272635911,0.28615893907196577,8.737695464323242
547,3,8.819602642066926,0.4048714583821272,7.586718379022781
548,3,40.78061526314232,0.47590728890322,8.32791249837034
549,4,35.82585111495458,0.4889744894788642,12.842095160864083
550,2,17.281433575301804,0.5260077506589477,9.119483689077681
551,1,2.8673511460556687,0.5600462020101942,11.206983353873454
552,3,34.601150719633175,0.48282050138999316,8.835124073011416
553,2,41.86986134988884,0.28472874565211226,8.826577820231055
554,1,5.0924325755405615,0.34862625542338876,10.616514039453978
555,3,29.01397591281175,0.5709733810867804,13.832327704601346
556,5,22.324207385523167,0.6331807815993906,11.129770041138759
557,1,84.81163904603433,0.3880859350213411,6.570942449289504
558,2,9.267821222153895,0.2897125318217032,9.005156153589668
559,1,3.4857905339611057,0.38731262825163953,3.904290370239325
560,1,64.15173899089604,0.35681117642938226,12.449951177907263
561,3,36.232668353140426,0.5956188394302773,16.595050821691967
562,3,26.557678150648396,0.6291173757970889,12.283655679395126
563,2,5.592273503581909,0.6673000832369228,11.877650917339906
564,3,30.579391173056973,0.633484517580477,10.52123698878404
565,3,81.01505244670018,0.5093088608009706,7.619839105812996
566,2,47.2845729983542,0.529206369719669,7.140777184172412
567,1,11.247234991972977,0.3759729059265276,9.131925430202259
568,3,107.44246712424129,0.6955504274734203,10.967439453173375
569,6,76.29343287400644,0.7519074355329487,17.978034037442644
570,5,16.94849523016648,0.673023345152964,13.445412287465038
571,2,16.912615948223994,0.30314687595980006,7.080971170388337
572,3,25.472751649876912,0.3288783714279845,8.503470441037651
573,2,33.60900672984884,0.24442184719862486,20.0
574,2,22.405930494121662,0.3736748950146958,12.245804204383132
575,3,10.004015506189095,0.6644891411380859,11.565786320048995
576,4,34.04310925926066,0.3871818066402653,10.132941566579191
577,2,7.973915082566601,0.7081176998748611,10.674896456477313
578,3,126.76172209106922,0.6243036694615698,10.91972977864769
579,4,22.68834762933042,0.6312903892391633,11.05542189714903
580,2,4.12694011274291,0.5370786278051801,10.820972043493162
581,2,12.279795958637157,0.30194008822638896,2.4131377393203457
582,2,4.688399906647283,0.5135645060819775,9.15834732323689
583,3,28.721978469006476,0.34218766271952056,4.44238709327117
584,1,78.2128595569481,0.270849779891203,8.28536222276232
585,1,32.56550200107121,0.4552861164685703,2.487600796683112
586,5,16.824242022418794,0.7129011117522939,7.085291881451105
587,3,20.170959406199252,0.30966140371633916,10.499699797079693
588,3,4.463374709700352,0.5051688357330544,15.311675724739086
589,1,4.067887509390125,0.22230086976505037,10.723786024441422
590,1,47.400456228749285,0.6190764012197094,6.978430674643882
591,2,117.03347356294061,0.618831209260242,8.23062309946505
592,2,99.98275238204747,0.4292432992576263,13.32107162452694
593,3,46.73929930478524,0.3836701526890368,12.548797990913968
594,1,36.50201297434693,0.7855882132786478,8.602660987023672
595,3,90.65028936710888,0.43939985856397523,6.386144468140484
596,1,2.5143107477493203,0.25669136116564506,7.2913861989769
597,1,10.571089737733303,0.3433850869410839,8.21838425268482
598,2,22.55303722933179,0.5278352695869448,8.406349616764906
599,3,21.872754560934506,0.551582501546191,6.938753874203258
600,1,22.714237628476532,0.342996181774844,3.1639199465790484
601,2,10.48785485046298,0.22496768377802023,8.568180836203041
602,2,19.783946695138937,0.37852447242586346,11.961521178118112
603,2,13.534915612049563,0.5082840452907241,10.559204836216253
604,2,37.487278592085964,0.42500521489144794,10.270845357280646
605,3,14.442080504212873,0.6361610706481957,15.75787343956133
606,4,48.31876622978568,0.5438547390576932,13.69473114585124
607,1,86.24821131093115,0.5380803294208915,5.440942653529449
608,2,47.160569049517335,0.5888108255594239,9.026426371932786
609,2,61.02231592613029,0.5384471418603365,9.903564382301624
610,2,8.179039997258284,0.5780943950387508,7.536956437046996
611,4,25.47024552084868,0.6204721001388775,15.494892661242785
612,3,87.69341997999695,0.5064885622418666,12.272662804142309
613,3,7.347748116688474,0.5374895603992014,8.325727403204935
614,3,56.07967255647614,0.605780138608834,11.928863041063737
615,2,19.781485155605846,0.6919292671350874,7.008019352746188
616,2,37.7360970664906,0.5300549831075432,8.195171188222774
617,1,5.64243022485396,0.38971643941759215,9.1427698216052
618,2,25.057017541992195,0.4796935559543,6.025035985601198
619,4,22.272963463663668,0.6551618093986598,9.379988445688978
620,1,14.510687631844915,0.398369182809137,9.9280351508285
621,1,4.061906387839777,0.3402023914525413,5.596221488698959
622,4,33.78728688093615,0.5706209659510422,9.312175514248926
623,2,20.072578605902454,0.6282785621751337,10.344062654969486
624,1,66.4043596854614,0.5005521995408849,3.5435701107891457
625,2,55.253042149532455,0.6400484220127468,9.893253409084448
626,1,10.62825293394977,0.5345006680621384,6.851531700321287
627,1,24.848319545030613,0.6234663158789214,10.268645313413193
628,1,3.861329308262786,0.3200584944689078,1.8645029748806297
629,2,36.74808897764123,0.5228433865847566,14.246308186410253
630,1,14.966264467889212,0.5272122149047864,6.867954310266432
631,1,13.583437037569754,0.3957579558161805,11.322406175174136
632,2,68.0020313194853,0.4828494090310493,8.801688642796332
633,2,49.796665748976764,0.38299488260220327,11.143616624780087
634,2,20.45233164061026,0.6046916162194036,11.652105347866975
635,1,17.313041456459054,0.6698785487842849,14.223941494129853
636,3,35.02667162633161,0.6400478333297693,8.338692704355042
637,3,31.495634248089317,0.5453680594055152,9.893839668153827
638,2,91.0126665230334,0.4011472939154447,8.122439409673163
639,2,15.67708521387229,0.4859489295173097,8.487868179817465
640,3,11.00227746352588,0.6467566998029314,11.641008618163246
641,3,14.681737375615818,0.3811887167304842,13.722941550706855
642,2,18.085499132963605,0.22904551419422473,8.139437185271518
643,3,37.91902281011674,0.6900036701254117,14.793705598655906
644,3,42.953145962984514,0.8509964574505843,17.800038586948567
645,2,9.682861429902374,0.58709902175388,10.408452724218304
646,2,26.618028306334313,0.1343738926745373,13.066170021750734
647,3,8.915646673866725,0.6309152640236377,10.025187812684926
648,6,244.69193226422038,0.6708065738841251,9.540987524048152
649,1,14.30668920241635,0.21921507799427783,7.502272863568644
650,2,51.58885702630774,0.6629731733272137,7.8677257067036175
651,1,6.096348324751081,0.47364185094645894,5.118088196372947
652,3,244.26556176694365,0.6843716351814209,10.142398732411484
653,1,10.329179165779632,0.2983186660288652,9.06168961542961
654,1,15.024947250099538,0.43728853671531304,5.822449621374062
655,2,24.14924620502758,0.4865471079184111,5.865278025311663
656,3,52.398483066068735,0.7172959272683634,14.73829481790732
657,1,24.872073087762466,0.46498972244723447,11.649030645494033
658,3,17.776918066160476,0.630035875741696,7.97828081082686
659,2,19.847690643559087,0.6414693311686276,4.236417623616548
660,3,18.64066835861861,0.6463467935035251,13.344831133299028
661,1,11.107050766952913,0.5365923566905135,4.761647333119134
662,3,43.6802640785973,0.7111878651795619,11.830230844401921
663,3,21.710935169399495,0.6303467980786355,7.429950797889855
664,1,4.2584747427531155,0.39646060416014245,9.12915471277762
665,2,33.219693857121705,0.2854527710848439,11.108720152377353
666,3,21.34302534418865,0.49331443657019736,7.074253182340841
667,1,16.161950203916053,0.5900142701008546,11.31831779349412
668,3,10.895547522099072,0.6786484814436471,7.088385117277421
669,2,13.032867071620652,0.40835890964191873,9.121537407359355
670,2,21.491409319934746,0.41534831266205013,11.351271139536472
671,1,40.1179434272237,0.6090393886244123,11.158408776180465
672,2,60.55175276707257,0.46095170526597706,11.223370471678546
673,2,23.958437711364265,0.45172377025048405,7.3206849623313754
674,4,25.529159783254947,0.7467354095553663,7.595988241578412
675,4,23.93286761648292,0.39283014378759595,11.803540517469726
676,2,14.198182495980937,0.483569805715203,11.452982063013772
677,2,14.067619783036267,0.669557186628997,11.998672253523575
678,1,3.395443390949613,0.5023646366130066,6.939496600546159
679,1,8.247933341852294,0.5122578903681472,11.016751763374941
680,1,18.89335977304778,0.41500131873854185,5.900764379107283
681,3,27.145063601398085,0.6599912275697446,11.012880661395648
682,3,17.403305156614305,0.4574855498048856,8.35180420859987
683,3,43.74280944821942,0.6845754267294502,11.076987733235764
684,2,54.70500567130538,0.37140368456949285,14.337993271318389
685,2,6.757531787157278,0.6620674781364893,14.89797099927416
686,5,53.22394619441191,0.575898936330099,15.821574424765863
687,1,6.358684999157813,0.37859871965726766,4.929115667290352
688,2,4.83069558930454,0.389860142942066,9.358308456546787
689,2,19.24468588467765,0.5115891783423151,12.209758178405249
690,2,84.62344047968341,0.5939128964570242,8.398874319372238
691,2,74.3193524601267,0.21090596030456216,7.508871848337416
692,3,28.28249428930743,0.5671409356301838,6.792165811297969
693,1,73.2210883559468,0.5155097684075277,12.04320478460364
694,2,1.1220479491722386,0.6634476941644054,9.571398716014887
695,1,12.0184351476078,0.6066849821134268,9.485900950559195
696,2,3.1410309087072066,0.4991098015278401,8.153351737664385
697,2,46.41085297318123,0.32181158860221726,12.368919062677994
698,3,27.4705121010488,0.5026613880697579,11.27881694245656
699,4,14.227204279583095,0.4761955212617072,8.650696016488599
700,1,6.745541987756778,0.2347433000045872,5.922445141804439
701,4,21.45072156982139,0.45141393402404206,8.258827912963255
702,3,27.19835676482305,0.33288890101065294,7.674920341159562
703,3,39.444326042697924,0.40702324279993285,10.908204085306139
704,4,23.281705692416566,0.5221860519761369,7.707663388078444
705,2,42.82791911990993,0.5399176955270374,13.788235578764862
706,3,18.678213924711006,0.6403754237575487,8.581842487924881
707,2,29.519885758464476,0.5245741952795198,10.102129181602411
708,3,22.44936346782946,0.6829002904543049,10.52944562901729
709,1,18.450665016624825,0.5095366271863112,11.461282059141153
710,1,6.693169253280263,0.400378470639555,5.2756925541335375
711,4,60.168901855827045,0.696593905242028,10.430287057506717
712,1,28.211465750917547,0.38640331542051043,7.9805077674472304
713,2,14.970301362963989,0.3999902817016416,8.471136803249328
714,2,9.912251045296081,0.4633855928032671,6.264712157109653
715,4,36.01983821739595,0.7780574016583057,10.898201382715014
716,2,92.00768362521718,0.5559157624073796,12.381631524785167
717,2,27.224900994315366,0.6649667823584562,8.709316971070518
718,3,37.93890193391225,0.7168818743675434,15.863628268283307
719,2,21.21355845761748,0.49325467160623215,7.593453261821093
720,2,20.243015242126535,0.70435155259187,8.905277524915293
721,2,2.3075644222732823,0.28497162130821896,7.99880654041338
722,1,25.137838942582025,0.47505010940337294,6.644153850253338
723,3,24.913127279284726,0.2683187540761505,8.000788380450187
724,3,8.421959963800898,0.3187390025104125,12.82168684275236
725,5,37.87159536997589,0.7552261401570916,15.986422886680305
726,3,35.59715758869349,0.3883584007943296,7.2691661756679435
727,1,29.109782380134295,0.49095185893919474,8.149863961648471
728,2,19.909285991662692,0.5907525845807231,9.316670467578286
729,1,7.592938053937449,0.7651698332835601,2.8784056748988016
730,3,49.73705546019968,0.7067247443834104,10.972159329988255
731,2,55.123322124818614,0.5430036008857384,14.512034192501932
732,2,5.85970211561452,0.5948796090886679,9.749309354238909
733,2,11.248546015107262,0.364684447542871,10.690749818605841
734,1,6.362661678416623,0.4195603689007702,8.129382665581081
735,2,37.260663053022824,0.5031596584816396,2.9226951131850774
736,2,16.26108701674069,0.4926781684996151,10.344317225797866
737,3,22.328481144676566,0.3981881544295207,11.887478693621297
738,2,18.67959157332629,0.6431530383997729,11.520519618741659
739,5,56.36306324015028,0.655284267519222,11.266201595120563
740,1,44.0980418171603,0.47553579523945416,12.61566298054963
741,2,102.34527173770009,0.5426229202324774,11.85051637183798
742,2,26.585403168538587,0.6148502625602166,12.084062079495652
743,3,4.149859215888968,0.5588677983874913,7.811253097337416
744,3,15.380495000256719,0.41367135239281655,6.080044520453104
745,1,3.6525079556246007,0.6618881577115185,8.238558886699543
746,3,121.37915988086023,0.7891942476343845,8.777900824811836
747,2,46.19741810861907,0.556829688011268,11.696919073550267
748,3,6.02078350803074,0.580966213749786,13.945132586752823
749,1,13.38906412860652,0.7641698847437559,10.170880691543864
750,2,15.886823892826188,0.38541108833595394,8.377089286962336
751,2,1.659445870571489,0.5810481320548695,5.6948632476610195
752,2,3.694873361701835,0.7242575213517346,7.421475435677644
753,2,15.010443314832203,0.38674989369906587,10.051834937216373
754,2,10.533575809578394,0.6795576074940299,11.167993996244704
755,1,39.90590704519992,0.4932974572928597,7.022638906428563
756,6,228.45258198562195,0.5301847998381344,17.330392000338556
757,2,11.337470094238537,0.48136853344754066,9.4721950520322
758,2,21.936042784214134,0.56481159907585,17.807097461878694
759,3,13.859196789610282,0.5786753143853298,11.400598165399412
760,4,24.30679196013583,0.670452673130373,7.498742382362637
761,3,20.573306264244724,0.658816120955977,6.214407071814902
762,2,9.332993646701473,0.540930068321485,7.919333777880782
763,2,7.579425035430887,0.5392269267932226,11.509791434255991
764,2,23.17073664327493,0.41104151767943126,8.164365958033539
765,2,44.83782190775585,0.7910173543847487,12.186815292224802
766,1,33.111306287195355,0.4153960796991425,11.415678593404493
767,2,26.811008705900473,0.7659374515640671,6.193852494257353
768,5,24.00212189120892,0.7752860355637481,12.924234050543522
769,1,22.38524248026325,0.43682283926594756,9.902836502079532
770,3,20.078348575424098,0.6596081047671005,11.313320144353629
771,4,32.37961312631099,0.7054797716914654,13.468920272842638
772,1,4.514771242614126,0.2123531862825169,5.82312404075571
773,1,8.322564307332234,0.5657215506152509,6.614813989539465
774,2,11.190102289656746,0.5199990200207593,10.971527970820619
775,2,4.048058123699922,0.5599588883564953,10.663281769507833
776,4,16.166814812962954,0.4658823320745463,8.307450152603241
777,2,28.839716161548612,0.5865564449153614,9.906485210762241
778,4,30.304556244279823,0.5170789363065729,10.456686137767166
779,3,87.37008866029775,0.5413281833855488,5.936990507033779
780,2,50.796212251285795,0.4536640320263522,8.675493017833967
781,3,135.1003735802976,0.4667883966300008,17.272478778740897
782,3,70.85036209556276,0.6051688538035573,7.782633793940699
783,2,10.989417102525488,0.4069384687477477,9.44633718537067
784,1,31.463974102914865,0.3626893990183273,14.516675836303339
785,2,20.192543656327476,0.4540559734884937,7.284021051291015
786,2,14.733666550653828,0.5217310565127441,6.267161033834555
787,2,35.040912424359774,0.2568626378480963,7.084529601627745
788,3,120.64724522622048,0.6472852628121464,11.116097627906697
789,1,48.49431318050531,0.4201920912913117,8.142650277180387
790,3,35.47369691535902,0.5597367089133194,4.876242981275759
791,2,15.809827479536535,0.6614020134940566,6.595864138534779
792,1,10.647222720946544,0.5404492551886708,11.023978174254815
793,2,17.962907544757485,0.7141460007861467,9.392434138292458
794,2,12.907816466605917,0.34758227079640935,5.994010322632585
795,2,5.124970112061843,0.533928752956918,10.913351455309485
796,4,68.77010958577395,0.5864722050419909,11.82213474030684
797,3,16.793431772763654,0.4621996775483847,12.342823452095901
798,1,16.541514102671997,0.5238369213788633,6.173812851436877
799,1,30.626510009945083,0.48565513993379855,9.947103745453841
800,2,36.97165520321869,0.42647434262120315,7.823482937653613
801,1,4.770928241662777,0.7029801547450001,6.096013029344711
802,3,48.40410828063323,0.6179173609484749,6.846180990397476
803,2,87.30448546473265,0.41545552367032473,13.40342475405822
804,3,26.857240356215247,0.6082836386692491,10.177015420645144
805,1,23.230295353870098,0.43396719824454133,9.675587924448795
806,1,40.54472236728989,0.45130056585684075,11.709076221920661
807,3,76.7337867392212,0.37356127145815865,8.737518168910858
808,3,18.80611103551819,0.6444692220604082,7.28176266589636
809,3,16.595728041534283,0.5401855334910877,10.72348497060361
810,2,6.126928380052936,0.5726966230655205,12.881058920320294
811,4,80.38332768458231,0.6718632622351917,9.40359908654658
812,1,26.651678527906963,0.3575113455410893,8.577996724167491
813,1,45.95486762157122,0.46390310325504147,9.30676092453993
814,1,7.5388565144725215,0.6110653514456231,8.894172644717754
815,2,59.599876292515894,0.3974412658798472,9.084004986757893
816,1,25.20802829427672,0.35515471760014594,7.509519606598888
817,2,22.361457690273195,0.3277081534942714,3.912119611246549
818,5,43.89082729204912,0.6617688832764455,8.275442884964596
819,2,22.039859783630817,0.5576227697081001,0.0
820,1,7.6506040373243875,0.4968528602665495,7.736243554559045
821,3,9.26949870285595,0.4034641516140279,10.135725487810214
822,4,28.083810791434153,0.6177559767084196,9.770673737985803
823,1,12.420593815788799,0.5379755818096099,8.413920617979402
824,3,47.36787773430748,0.7717685664909412,5.490439520064111
825,2,14.46130695463974,0.5687060530424595,8.76767067972676
826,2,19.709820498811712,0.3923236167584624,19.011571148780597
827,1,15.578041574303485,0.3898175983594646,9.559312367161342
828,2,9.504658985196311,0.5234748639465592,11.246466079482161
829,1,23.603580307731256,0.17025639363738623,13.109805046480432
830,3,8.677321081883248,0.5684897365752282,14.9108189056514
831,3,36.25957783148498,0.45154119716071983,10.743020906284531
832,1,5.02399440395009,0.30366444886382754,3.5802009926944156
833,3,98.92929107736674,0.26281579557072177,8.853796088018346
834,1,6.351287435359955,0.5217368390104186,9.177982217855954
835,2,49.06747259870489,0.4095814395816809,11.94055726283775
836,2,4.39455889917543,0.5819993936742642,15.872176301055898
837,4,4.756648026807645,0.5088032913766956,11.151347008680245
838,1,22.550227290267493,0.5007248392177935,7.83582635639542
839,1,2.8212820949766746,0.34784595419400316,3.700551114224604
840,2,4.515215179568539,0.5069949136339311,11.337520223421443
841,1,6.789948732381862,0.28900652790926695,9.37792549705529
842,2,19.63821744164585,0.7364892820070896,11.813334798476639
843,1,4.76840674489683,0.368716481313813,8.464584359297698
844,1,2.3394927410138813,0.5770187721616693,8.212730759860566
845,2,6.010904447109926,0.6340251520425475,11.136319554776758
846,2,5.081779283580651,0.6068558651674275,9.433058795085893
847,3,40.42279111463393,0.49914785186555427,12.659404709900777
848,1,16.700409186930084,0.5843851693535234,12.05069246357616
849,1,35.694000045191444,0.46878748876076093,8.78317692658048
850,2,25.73618198634278,0.7042451396982601,10.576099977655698
851,1,44.82811884315321,0.7747645473371072,11.510486328137201
852,2,31.558720211695885,0.6319787939120495,5.97913967120364
853,1,11.628407182905327,0.3911078110606415,8.370839273219385
854,1,5.371530134286305,0.3813857933405233,10.362980093614595
855,3,17.598225454442055,0.5191821894679102,12.578915511605665
856,1,14.94614563331304,0.3143154122196153,5.429001839368653
857,2,14.285647419784395,0.6064605692118326,7.850050757161215
858,2,29.576423740581323,0.5825535101197599,8.40287663802211
859,2,9.243109258156077,0.299953768560272,10.02124569719979
860,2,21.82013651185231,0.5867616134962311,6.72091460617578
861,2,17.03176582563476,0.4881294263663495,12.212322418432201
862,4,226.77280541259915,0.418752441176573,13.39958330152621
863,2,49.706289372912785,0.6109789099041241,5.607049142454411
864,2,3.78100377685961,0.6076525788384108,12.768952066456322
865,4,92.42175358195387,0.3337847491018511,13.36541438758304
866,3,166.97938938151597,0.6427122823145155,16.493925173791595
867,2,4.392594159423214,0.4093898216593094,9.432314096557631
868,4,81.51951528138522,0.803978153105692,13.418865307053341
869,2,4.769097188195279,0.5959993289734458,11.13887713917248
870,5,156.5064794267418,0.8623396595941216,12.66376079207214
871,4,85.49213180613756,0.6610110805590312,12.47107642345914
872,2,19.068798453357793,0.540102967500774,4.004592333433531
873,2,12.040505939825655,0.7707750667777209,10.482454179566425
874,2,30.63284836928745,0.33602618926123573,13.48903396936362
875,1,27.634301613688496,0.657783498501167,6.055092576765741
876,5,22.97796761253971,0.3556658427327952,10.145771742706915
877,3,35.81339174264773,0.5842348521909533,15.536688078195247
878,2,42.506806298421296,0.7254287609030339,11.908165665199377
879,1,21.963336393718656,0.479846797569105,4.716225548845831
880,3,10.39062046674042,0.4909751172915907,9.270210717701694
881,2,10.862737858459434,0.5737558982221149,8.747146981980794
882,5,96.60199340948303,0.6853465088689394,17.665401733195417
883,2,54.972303031703184,0.442069768045178,6.077384067402916
884,1,15.733005381656364,0.22549188358742622,10.023901061420764
885,3,49.62998414053306,0.4154378820617113,8.134660965184816
886,5,53.355738020377665,0.7134842065857183,12.455949965730024
887,3,45.37745531188801,0.5907067675946581,9.440612726468242
888,3,63.73223488362738,0.6235073355024348,10.030701032206737
889,1,3.3684079999185674,0.4827342818132709,7.110006832278666
890,2,7.217956617876891,0.4450871873479535,8.940447504008377
891,2,72.77873112913028,0.6750676654947043,5.551733103041267
892,2,14.480275799756859,0.505564531912458,12.385514252204594
893,2,107.3659844665982,0.5616368283600534,8.747154152675959
894,3,17.45818451943842,0.6221825029199515,12.133184572513432
895,1,31.005268347771032,0.7038547852640265,9.108588347426824
896,3,18.434062440727303,0.33933759550151177,13.194012094853322
897,2,4.67118823506021,0.3618851735100197,10.900741232989892
898,1,7.493150346544203,0.5397337021536518,10.089782590972478
899,3,26.155153291056145,0.3790773101810533,6.534563741117133
900,2,52.12482207547291,0.4127451042761594,4.744756021142319
901,1,1.7430186985923999,0.4137988839038924,6.383679896413542
902,2,28.970504120457083,0.5614956846949051,6.761841509941266
903,5,31.736102002022946,0.4691822173108764,10.967099910660462
904,4,34.56362517109227,0.7819589508504681,9.687267623173154
905,3,94.60525679035192,0.5576817694056628,8.866026071949616
906,2,10.891638390538018,0.4396587319959437,9.323589819824727
907,3,56.94711764569233,0.4079797921379438,12.440432990490715
908,2,27.906169880181785,0.5713891039732254,10.035747252184786
909,3,22.082854837662858,0.7594418093666615,13.483634933967936
910,1,75.04126242267832,0.3778129450172697,8.613705760628186
911,3,94.70150572481928,0.5542250207968688,8.052826087766988
912,3,16.092310848146717,0.7288824515041611,13.17280433643309
913,2,128.90355916642187,0.5999779734056372,15.105346269714254
914,3,9.733007627801483,0.506485685836078,12.973996654101324
915,2,17.073425649998516,0.6015375556376173,10.330847029963369
916,2,9.154364098665306,0.589773496884061,8.832764087228767
917,2,39.8856730820285,0.5724693366533593,7.877874322052114
918,3,37.8998466208697,0.37701269892131517,8.299744884035704
919,2,9.820162384167498,0.60073895308325,7.900544170378259
920,2,5.481900934388933,0.4678021427765339,7.887722032901098
921,1,12.970745364330408,0.47846634073744077,5.929561559583194
922,4,49.840516805061405,0.7586867159322088,10.5534256333903
923,2,33.12408916250748,0.7370144566086377,15.543688975085528
924,4,13.87874161410861,0.5273388807745527,11.19398273878071
925,2,5.344361889614428,0.5216108652790906,6.83354759330061
926,3,10.834807596160664,0.3638079923191524,12.935070474485691
927,2,29.004308264265152,0.43161520936659853,4.778214656304176
928,2,29.287094444693114,0.4972200486568737,13.95319073541172
929,5,63.27082599749785,0.5940378682657732,13.892060417284435
930,2,11.856799143615605,0.5629502568156748,10.60192251102775
931,4,26.776744496028588,0.8784728413445506,8.050355774330404
932,3,86.24257482543156,0.6431417304720697,10.732682083978705
933,4,17.39263123165324,0.8281641171733793,12.323471627768825
934,3,14.178436900414786,0.7245090889190646,11.191378401865997
935,2,8.7320808383251,0.3749970678426156,7.170081412834477
936,2,3.3144816775156003,0.48476606388949683,7.1655475332703125
937,2,17.40642196498476,0.5539665611571362,6.636356266164944
938,5,219.43264856226278,0.5407807631807131,10.48988492402102
939,2,28.746683269873063,0.6671418194268012,10.60961630319234
940,3,20.100588181462175,0.5501743929223097,13.634383987655749
941,3,77.75570220935661,0.38202369519470825,10.582902712713903
942,1,3.229438220231151,0.40291648339971714,6.409351564276079
943,1,31.559676926001078,0.4502697301561821,6.836652994288112
944,3,48.97829226150396,0.5690192374058298,13.626711577554074
945,3,23.55571823385276,0.6830382764651004,11.24074040578452
946,3,36.13960577089579,0.6950413167000353,11.5699555863071
947,1,10.435497633249492,0.42990825956499035,3.1339954525494367
948,2,37.912893427706365,0.5115277294355486,5.443806290131948
949,3,70.26271279040067,0.37080737241855516,11.5746402949926
950,1,5.98645650107838,0.4972623025254404,4.793754112058226
951,5,19.621985051869245,0.7126707467926336,16.412657876427108
952,1,32.605760687098595,0.3467183271286831,11.685356365668703
953,1,22.993664982101603,0.4469132252041714,5.7349189929700515
954,2,3.752857635776791,0.38975382227669836,8.021527433828556
955,1,9.27484163051824,0.5239032117939554,6.233375320901688
956,2,66.30279305376334,0.5578534592331943,7.312030471652808
957,1,45.28047490588872,0.48706056129567266,6.056863009518057
958,3,52.699086844901245,0.45952145944777545,9.163194354425794
959,2,16.517748703107518,0.36256195303845523,4.860922990373946
960,1,133.8728189004814,0.5048005764465089,8.597789378058087
961,2,15.102863309957671,0.4818646127349286,13.360981119178422
962,3,63.82070954235881,0.6696710275550741,13.271844916600353
963,2,66.85880025454064,0.6404732429429918,12.32113102596851
964,2,43.10991533650989,0.49181831422786476,13.785852326538581
965,2,39.029661635510806,0.3415748923522061,5.652627584832734
966,3,7.027719155263521,0.3658937022730777,9.86317682832686
967,2,23.123813715267488,0.5119224035915302,8.57525884608721
968,2,12.747506700411083,0.4479783371264459,7.581196852152915
969,4,48.5789277955647,0.34126609887897646,12.016780982473563
970,3,37.51770732597981,0.568154799835459,11.234044886120788
971,2,3.6620432375419574,0.41860340558069953,4.777309181932469
972,5,103.90188531530941,0.42803748969363664,18.438594745201648
973,3,38.50466193438998,0.4546074046876528,11.295802242445543
974,3,24.23157242826814,0.379174147834388,9.86124035721718
975,2,19.014797448802238,0.6673881852874184,9.58831704675756
976,1,22.787099156026184,0.5095259891124563,9.181628839504054
977,3,27.42446596565514,0.6231201078551226,5.492798740085155
978,2,20.205335454385356,0.4723270991300818,8.483316791904995
979,1,9.762338028444091,0.3398010641238521,11.214265022200314
980,3,96.79335755880098,0.5545495000446437,9.482560260653628
981,1,15.686404010971824,0.5832857699915621,8.914722987771722
982,2,30.667560935651313,0.40448406358179834,15.559587467230685
983,2,5.357999335611431,0.4793534336104535,3.714777896226866
984,2,32.19132312675814,0.6034954949716427,9.075480709114018
985,1,127.44540037352508,0.551873258288434,8.419748047377393
986,2,4.894651279861869,0.3442017545564167,8.417759308538189
987,2,23.64262131819493,0.5648286572041075,6.893438775402016
988,1,5.242758457278732,0.5118997114187287,13.251264658013094
989,2,16.358888071579933,0.4574262922480579,12.28697796923138
990,2,110.60257447105573,0.7386482307056312,5.4883481073247005
991,3,14.854580700870047,0.6282477603845975,10.897259901267343
992,3,13.295644829503384,0.5234271079786535,9.662544426490886
993,2,22.312120453223297,0.2961750071432507,10.917453263855204
994,2,20.847169803576342,0.6805094681309442,9.704615404755039
995,2,88.54402149447802,0.4916304069792042,6.576623186294469
996,1,17.809182612238686,0.4636649847032922,12.118149438975468
997,4,27.25255781812136,0.5314428898572255,9.502083753555132
998,2,15.20234011034502,0.49937791024650613,11.518760593479966
999,2,14.221633439714303,0.37985618414641353,11.788435854522888
